,_id,FH_INSTRUMENT,FH_SYMBOL,FH_EXPIRY_DT,FH_STRIKE_PRICE,FH_OPTION_TYPE,FH_MARKET_TYPE,FH_OPENING_PRICE,FH_TRADE_HIGH_PRICE,FH_TRADE_LOW_PRICE,FH_CLOSING_PRICE,FH_LAST_TRADED_PRICE,FH_PREV_CLS,FH_SETTLE_PRICE,FH_TOT_TRADED_QTY,FH_TOT_TRADED_VAL,FH_OPEN_INT,FH_CHANGE_IN_OI,FH_MARKET_LOT,FH_TIMESTAMP,TIMESTAMP,FH_UNDERLYING_VALUE
0,648b11c1f0912e8f617ff1ca,OPTIDX,NIFTY,29-Jun-2023,10000.00,PE,N,0.00,0.00,0.00,0.70,0.70,0.70,0.00,0,0.00,88000,0.00,50,15-Jun-2023,2023-06-14T18:30:00.000Z,18688.1
1,648b11c1f0912e8f61800b47,OPTIDX,NIFTY,29-Jun-2023,10500.00,PE,N,0.00,0.00,0.00,0.65,0.65,0.65,0.00,0,0.00,151325,0.00,50,15-Jun-2023,2023-06-14T18:30:00.000Z,18688.1
2,648b11c1f0912e8f6180107a,OPTIDX,NIFTY,29-Jun-2023,11000.00,PE,N,1.10,1.20,0.35,0.65,0.45,0.80,0.65,1000,11000977.50,335250,-350.00,50,15-Jun-2023,2023-06-14T18:30:00.000Z,18688.1
3,648b11c1f0912e8f61800a44,OPTIDX,NIFTY,29-Jun-2023,11500.00,PE,N,0.00,0.00,0.00,0.55,0.55,0.55,0.00,0,0.00,650,0.00,50,15-Jun-2023,2023-06-14T18:30:00.000Z,18688.1
4,648b11c1f0912e8f61802ac1,OPTIDX,NIFTY,29-Jun-2023,11900.00,PE,N,0.95,0.95,0.70,0.70,0.70,0.95,0.00,1400,16661030.00,2500,-1200.00,50,15-Jun-2023,2023-06-14T18:30:00.000Z,18688.1
5,648b11c0f0912e8f617f7a39,OPTIDX,NIFTY,29-Jun-2023,12000.00,PE,N,0.00,0.00,0.00,1.05,1.05,1.05,0.00,0,0.00,12350,0.00,50,15-Jun-2023,2023-06-14T18:30:00.000Z,18688.1
6,648b11c0f0912e8f617f7c2c,OPTIDX,NIFTY,29-Jun-2023,12100.00,PE,N,0.00,0.00,0.00,1.40,1.40,1.40,0.00,0,0.00,6475,0.00,50,15-Jun-2023,2023-06-14T18:30:00.000Z,18688.1
7,648b11c1f0912e8f6180229a,OPTIDX,NIFTY,29-Jun-2023,12200.00,PE,N,0.00,0.00,0.00,0.80,0.80,0.80,0.00,0,0.00,1650,0.00,50,15-Jun-2023,2023-06-14T18:30:00.000Z,18688.1
8,648b11c1f0912e8f617fe456,OPTIDX,NIFTY,29-Jun-2023,13000.00,PE,N,0.95,1.05,0.20,0.60,0.60,1.00,0.60,49550,644189702.50,302350,-50.00,50,15-Jun-2023,2023-06-14T18:30:00.000Z,18688.1
9,648b11c1f0912e8f617ffb82,OPTIDX,NIFTY,29-Jun-2023,13500.00,PE,N,1.25,1.30,1.05,1.05,1.05,1.25,1.05,28250,381406867.50,11850,4000.00,50,15-Jun-2023,2023-06-14T18:30:00.000Z,18688.1
10,648b11c1f0912e8f6180143d,OPTIDX,NIFTY,29-Jun-2023,14000.00,PE,N,1.85,2.45,1.20,1.55,1.70,1.70,1.55,25400,355643297.50,177975,-3300.00,50,15-Jun-2023,2023-06-14T18:30:00.000Z,18688.1
11,648b11c1f0912e8f6180079a,OPTIDX,NIFTY,29-Jun-2023,15000.00,PE,N,2.40,3.15,1.80,2.30,2.15,2.40,2.30,81350,1220457315.00,751750,-14650.00,50,15-Jun-2023,2023-06-14T18:30:00.000Z,18688.1
12,648b11c1f0912e8f6180140c,OPTIDX,NIFTY,29-Jun-2023,15600.00,PE,N,2.80,2.95,1.90,2.55,2.50,2.30,2.55,1850,28864770.00,19200,-50.00,50,15-Jun-2023,2023-06-14T18:30:00.000Z,18688.1
13,648b11c0f0912e8f617f7830,OPTIDX,NIFTY,29-Jun-2023,15650.00,PE,N,0.00,0.00,0.00,3.00,3.00,3.00,0.00,0,0.00,650,0.00,50,15-Jun-2023,2023-06-14T18:30:00.000Z,18688.1
14,648b11c1f0912e8f617fe92b,OPTIDX,NIFTY,29-Jun-2023,15700.00,PE,N,3.00,5.00,2.05,3.55,5.00,3.10,3.55,150,2355502.50,12350,0.00,50,15-Jun-2023,2023-06-14T18:30:00.000Z,18688.1
15,648b11c1f0912e8f617ff347,OPTIDX,NIFTY,29-Jun-2023,15750.00,PE,N,0.00,0.00,0.00,3.00,3.00,3.00,0.00,0,0.00,3950,0.00,50,15-Jun-2023,2023-06-14T18:30:00.000Z,18688.1
16,648b11c1f0912e8f618013a9,OPTIDX,NIFTY,29-Jun-2023,15800.00,PE,N,2.90,2.95,2.20,2.90,2.90,3.00,2.90,500,7901420.00,27450,-100.00,50,15-Jun-2023,2023-06-14T18:30:00.000Z,18688.1
17,648b11c1f0912e8f617f9f0a,OPTIDX,NIFTY,29-Jun-2023,15850.00,PE,N,0.00,0.00,0.00,3.10,3.10,3.10,0.00,0,0.00,850,0.00,50,15-Jun-2023,2023-06-14T18:30:00.000Z,18688.1
18,648b11c1f0912e8f617ff524,OPTIDX,NIFTY,29-Jun-2023,15900.00,PE,N,0.00,0.00,0.00,3.30,3.30,3.30,0.00,0,0.00,9900,0.00,50,15-Jun-2023,2023-06-14T18:30:00.000Z,18688.1
19,648b11c1f0912e8f61801952,OPTIDX,NIFTY,29-Jun-2023,15950.00,PE,N,3.85,3.85,3.85,3.85,3.85,3.05,0.00,50,797692.50,900,-50.00,50,15-Jun-2023,2023-06-14T18:30:00.000Z,18688.1
20,648b11c1f0912e8f617f96c2,OPTIDX,NIFTY,29-Jun-2023,16000.00,PE,N,3.10,3.55,2.80,3.10,2.90,3.45,3.10,131200,2099604577.50,1440800,-33400.00,50,15-Jun-2023,2023-06-14T18:30:00.000Z,18688.1
21,648b11c1f0912e8f61800c68,OPTIDX,NIFTY,29-Jun-2023,16050.00,PE,N,3.30,3.30,2.30,2.30,2.30,3.05,2.30,18500,296976827.50,19150,-10600.00,50,15-Jun-2023,2023-06-14T18:30:00.000Z,18688.1
22,648b11c1f0912e8f617ff085,OPTIDX,NIFTY,29-Jun-2023,16100.00,PE,N,4.00,4.00,2.35,2.50,2.90,3.10,2.50,8650,139288167.50,10950,-750.00,50,15-Jun-2023,2023-06-14T18:30:00.000Z,18688.1
23,648b11c1f0912e8f61801993,OPTIDX,NIFTY,29-Jun-2023,16150.00,PE,N,3.05,3.80,3.00,3.40,3.00,3.10,3.40,850,13730370.00,9200,-450.00,50,15-Jun-2023,2023-06-14T18:30:00.000Z,18688.1
24,648b11c1f0912e8f618020db,OPTIDX,NIFTY,29-Jun-2023,16200.00,PE,N,3.00,3.40,2.55,2.90,2.90,3.75,2.90,2850,46178287.50,21450,-550.00,50,15-Jun-2023,2023-06-14T18:30:00.000Z,18688.1
25,648b11c1f0912e8f6180308e,OPTIDX,NIFTY,29-Jun-2023,16250.00,PE,N,0.00,0.00,0.00,8.50,8.85,8.50,0.00,0,0.00,900,0.00,50,15-Jun-2023,2023-06-14T18:30:00.000Z,18688.1
26,648b11c1f0912e8f617fb48a,OPTIDX,NIFTY,29-Jun-2023,16300.00,PE,N,4.00,4.30,3.00,3.15,3.15,3.45,0.00,1700,27716180.00,16900,-300.00,50,15-Jun-2023,2023-06-14T18:30:00.000Z,18688.1
27,648b11c1f0912e8f617f999d,OPTIDX,NIFTY,29-Jun-2023,16350.00,PE,N,0.00,0.00,0.00,4.70,4.70,4.70,0.00,0,0.00,8700,0.00,50,15-Jun-2023,2023-06-14T18:30:00.000Z,18688.1
28,648b11c0f0912e8f617f7aa7,OPTIDX,NIFTY,29-Jun-2023,16400.00,PE,N,3.70,3.95,3.35,3.50,3.50,4.00,3.50,3050,50031402.50,89500,-600.00,50,15-Jun-2023,2023-06-14T18:30:00.000Z,18688.1
29,648b11c1f0912e8f617fc012,OPTIDX,NIFTY,29-Jun-2023,16450.00,PE,N,2.95,2.95,2.90,2.90,2.90,2.95,0.05,100,1645292.50,6900,-50.00,50,15-Jun-2023,2023-06-14T18:30:00.000Z,18688.1
30,648b11c1f0912e8f61800560,OPTIDX,NIFTY,29-Jun-2023,16500.00,PE,N,3.40,3.65,3.05,3.35,3.15,3.75,3.35,103150,1702319307.50,949200,-5100.00,50,15-Jun-2023,2023-06-14T18:30:00.000Z,18688.1
31,648b11c1f0912e8f617fb533,OPTIDX,NIFTY,29-Jun-2023,16550.00,PE,N,3.80,3.90,3.15,3.90,3.90,3.55,3.90,500,8276732.50,4050,150.00,50,15-Jun-2023,2023-06-14T18:30:00.000Z,18688.1
32,648b11c1f0912e8f617fe90e,OPTIDX,NIFTY,29-Jun-2023,16600.00,PE,N,4.35,5.20,3.90,4.15,4.20,4.50,4.15,8550,141965962.50,244400,250.00,50,15-Jun-2023,2023-06-14T18:30:00.000Z,18688.1
33,648b11c1f0912e8f61801532,OPTIDX,NIFTY,29-Jun-2023,16650.00,PE,N,3.05,7.05,3.05,4.35,4.65,3.20,4.35,1550,25813962.50,5200,-400.00,50,15-Jun-2023,2023-06-14T18:30:00.000Z,18688.1
34,648b11c1f0912e8f61801f9c,OPTIDX,NIFTY,29-Jun-2023,16700.00,PE,N,3.70,4.60,3.65,4.05,4.00,4.15,4.05,18150,303178855.00,91050,900.00,50,15-Jun-2023,2023-06-14T18:30:00.000Z,18688.1
35,648b11c1f0912e8f617fcce1,OPTIDX,NIFTY,29-Jun-2023,16750.00,PE,N,3.10,4.05,3.10,4.05,4.00,5.05,4.05,850,14240882.50,14800,-50.00,50,15-Jun-2023,2023-06-14T18:30:00.000Z,18688.1
36,648b11c1f0912e8f617fa957,OPTIDX,NIFTY,29-Jun-2023,16800.00,PE,N,4.60,4.75,3.90,4.20,4.40,4.60,4.20,56250,945248590.00,452850,-3650.00,50,15-Jun-2023,2023-06-14T18:30:00.000Z,18688.1
37,648b11c1f0912e8f618022df,OPTIDX,NIFTY,29-Jun-2023,16850.00,PE,N,0.00,0.00,0.00,6.85,6.85,6.85,0.15,0,0.00,9050,0.00,50,15-Jun-2023,2023-06-14T18:30:00.000Z,18688.1
38,648b11c1f0912e8f6180174b,OPTIDX,NIFTY,29-Jun-2023,16900.00,PE,N,4.95,6.25,4.35,4.60,4.95,5.05,4.60,18450,311894267.50,256800,-3150.00,50,15-Jun-2023,2023-06-14T18:30:00.000Z,18688.1
39,648b11c1f0912e8f61801943,OPTIDX,NIFTY,29-Jun-2023,16950.00,PE,N,4.85,5.65,4.15,4.40,4.20,3.45,4.40,1350,22888630.00,4850,-500.00,50,15-Jun-2023,2023-06-14T18:30:00.000Z,18688.1
40,648b11c1f0912e8f617f9188,OPTIDX,NIFTY,29-Jun-2023,17000.00,PE,N,5.35,5.35,4.50,4.80,4.55,5.35,4.80,888350,15106375125.00,3428500,-46100.00,50,15-Jun-2023,2023-06-14T18:30:00.000Z,18688.1
41,648b11c1f0912e8f61801dac,OPTIDX,NIFTY,29-Jun-2023,17050.00,PE,N,4.40,7.20,4.10,4.40,4.30,4.90,4.40,8650,147523900.00,20800,-1150.00,50,15-Jun-2023,2023-06-14T18:30:00.000Z,18688.1
42,648b11c1f0912e8f617fe3fc,OPTIDX,NIFTY,29-Jun-2023,17100.00,PE,N,4.35,5.70,4.15,4.40,4.20,4.70,4.40,54300,928780825.00,161150,-6700.00,50,15-Jun-2023,2023-06-14T18:30:00.000Z,18688.1
43,648b11c1f0912e8f61801ac0,OPTIDX,NIFTY,29-Jun-2023,17150.00,PE,N,0.00,0.00,0.00,5.20,5.40,5.20,0.75,0,0.00,25100,0.00,50,15-Jun-2023,2023-06-14T18:30:00.000Z,18688.1
44,648b11c1f0912e8f618015fa,OPTIDX,NIFTY,29-Jun-2023,17200.00,PE,N,4.75,5.15,4.20,4.40,4.20,5.05,4.40,98000,1686050675.00,548900,-12550.00,50,15-Jun-2023,2023-06-14T18:30:00.000Z,18688.1
45,648b11c1f0912e8f617f908f,OPTIDX,NIFTY,29-Jun-2023,17250.00,PE,N,4.15,5.15,4.15,4.30,4.25,6.00,4.30,1050,18117112.50,19350,150.00,50,15-Jun-2023,2023-06-14T18:30:00.000Z,18688.1
46,648b11c1f0912e8f618011e7,OPTIDX,NIFTY,29-Jun-2023,17300.00,PE,N,5.10,5.60,4.40,4.65,4.45,5.20,4.65,165600,2865678087.50,358700,-29050.00,50,15-Jun-2023,2023-06-14T18:30:00.000Z,18688.1
47,648b11c1f0912e8f617fd466,OPTIDX,NIFTY,29-Jun-2023,17350.00,PE,N,5.10,5.35,4.30,5.20,5.35,5.10,5.20,2200,38181200.00,26500,-250.00,50,15-Jun-2023,2023-06-14T18:30:00.000Z,18688.1
48,648b11c1f0912e8f618013f9,OPTIDX,NIFTY,29-Jun-2023,17400.00,PE,N,5.15,5.60,4.70,4.95,4.70,5.85,4.95,358900,6246711770.00,398200,9750.00,50,15-Jun-2023,2023-06-14T18:30:00.000Z,18688.1
49,648b11c0f0912e8f617f76f2,OPTIDX,NIFTY,29-Jun-2023,17450.00,PE,N,6.05,8.40,4.75,5.30,5.35,6.00,5.30,19600,342130270.00,17550,-5300.00,50,15-Jun-2023,2023-06-14T18:30:00.000Z,18688.1
50,648b11c1f0912e8f618028b3,OPTIDX,NIFTY,29-Jun-2023,17500.00,PE,N,6.75,7.00,5.55,5.90,5.75,6.70,5.90,1208900,21163009790.00,1875800,-163600.00,50,15-Jun-2023,2023-06-14T18:30:00.000Z,18688.1
51,648b11c1f0912e8f61802a87,OPTIDX,NIFTY,29-Jun-2023,17550.00,PE,N,6.45,7.10,5.25,5.85,6.50,6.90,5.85,32400,568820490.00,26800,3800.00,50,15-Jun-2023,2023-06-14T18:30:00.000Z,18688.1
52,648b11c1f0912e8f617fc489,OPTIDX,NIFTY,29-Jun-2023,17600.00,PE,N,7.40,7.45,6.10,6.50,6.25,7.20,6.50,410900,7234583390.00,569950,-9200.00,50,15-Jun-2023,2023-06-14T18:30:00.000Z,18688.1
53,648b11c1f0912e8f617faaf1,OPTIDX,NIFTY,29-Jun-2023,17650.00,PE,N,7.85,8.65,6.05,6.60,6.70,7.65,6.60,49250,869614562.50,28850,-7050.00,50,15-Jun-2023,2023-06-14T18:30:00.000Z,18688.1
54,648b11c1f0912e8f61802d6f,OPTIDX,NIFTY,29-Jun-2023,17700.00,PE,N,8.50,8.50,6.80,7.15,6.80,8.20,7.15,785200,13903861635.00,553600,-95350.00,50,15-Jun-2023,2023-06-14T18:30:00.000Z,18688.1
55,648b11c1f0912e8f617fddc9,OPTIDX,NIFTY,29-Jun-2023,17750.00,PE,N,8.20,8.40,7.25,7.75,7.90,8.60,7.75,98800,1754478950.00,69900,-16550.00,50,15-Jun-2023,2023-06-14T18:30:00.000Z,18688.1
56,648b11c1f0912e8f617fd50a,OPTIDX,NIFTY,29-Jun-2023,17800.00,PE,N,9.00,9.30,7.90,8.65,8.30,9.25,8.65,946750,16860407585.00,927450,8850.00,50,15-Jun-2023,2023-06-14T18:30:00.000Z,18688.1
57,648b11c1f0912e8f6180292f,OPTIDX,NIFTY,29-Jun-2023,17850.00,PE,N,9.95,10.05,8.65,9.45,9.20,10.05,9.45,132100,2359236307.50,100600,-9600.00,50,15-Jun-2023,2023-06-14T18:30:00.000Z,18688.1
58,648b11c1f0912e8f61801397,OPTIDX,NIFTY,29-Jun-2023,17900.00,PE,N,10.20,11.50,9.20,10.05,9.85,10.75,10.05,679950,12177998962.50,653250,66950.00,50,15-Jun-2023,2023-06-14T18:30:00.000Z,18688.1
59,648b11c1f0912e8f617fc636,OPTIDX,NIFTY,29-Jun-2023,17950.00,PE,N,11.55,12.15,10.20,11.45,11.20,11.95,11.45,182600,3279739387.50,157500,-7450.00,50,15-Jun-2023,2023-06-14T18:30:00.000Z,18688.1
60,648b11c1f0912e8f61800ddd,OPTIDX,NIFTY,29-Jun-2023,18000.00,PE,N,13.75,14.20,11.65,13.35,13.15,13.55,13.35,3404550,61326134490.00,3905700,-84000.00,50,15-Jun-2023,2023-06-14T18:30:00.000Z,18688.1
61,648b11c1f0912e8f617fbad8,OPTIDX,NIFTY,29-Jun-2023,18050.00,PE,N,14.50,15.20,12.40,14.30,14.40,14.55,14.30,230800,4169126102.50,101200,-950.00,50,15-Jun-2023,2023-06-14T18:30:00.000Z,18688.1
62,648b11c1f0912e8f617fc252,OPTIDX,NIFTY,29-Jun-2023,18100.00,PE,N,16.25,17.30,13.50,16.20,16.00,16.15,16.20,1125850,20395186967.50,931400,-36050.00,50,15-Jun-2023,2023-06-14T18:30:00.000Z,18688.1
63,648b11c1f0912e8f617fdd67,OPTIDX,NIFTY,29-Jun-2023,18150.00,PE,N,18.50,19.00,13.30,18.10,18.65,18.10,18.10,352000,6394851065.00,134200,-11650.00,50,15-Jun-2023,2023-06-14T18:30:00.000Z,18688.1
64,648b11c1f0912e8f617faac9,OPTIDX,NIFTY,29-Jun-2023,18200.00,PE,N,20.05,22.00,16.90,20.60,21.25,20.50,20.60,2889800,52650584955.00,2800000,104900.00,50,15-Jun-2023,2023-06-14T18:30:00.000Z,18688.1
65,648b11c1f0912e8f617f8d27,OPTIDX,NIFTY,29-Jun-2023,18250.00,PE,N,22.75,25.05,18.70,23.65,23.65,22.95,23.65,455200,8317418505.00,358150,36550.00,50,15-Jun-2023,2023-06-14T18:30:00.000Z,18688.1
66,648b11c1f0912e8f617fa74d,OPTIDX,NIFTY,29-Jun-2023,18300.00,PE,N,25.00,29.90,21.75,28.05,28.55,26.65,28.05,2426150,44461506040.00,2454850,-7400.00,50,15-Jun-2023,2023-06-14T18:30:00.000Z,18688.1
67,648b11c1f0912e8f617fa5ab,OPTIDX,NIFTY,29-Jun-2023,18350.00,PE,N,30.65,34.55,24.50,33.00,32.80,30.30,33.00,670600,12325576117.50,325200,32700.00,50,15-Jun-2023,2023-06-14T18:30:00.000Z,18688.1
68,648b11c1f0912e8f617f81e4,OPTIDX,NIFTY,29-Jun-2023,18400.00,PE,N,35.65,41.45,28.50,39.30,40.00,35.45,39.30,2653450,48916386605.00,1575450,-4700.00,50,15-Jun-2023,2023-06-14T18:30:00.000Z,18688.1
69,648b11c1f0912e8f6180216b,OPTIDX,NIFTY,29-Jun-2023,18450.00,PE,N,43.25,49.30,32.90,46.90,47.00,41.25,46.90,800800,14807847180.00,358650,3250.00,50,15-Jun-2023,2023-06-14T18:30:00.000Z,18688.1
70,648b11c1f0912e8f617fed7f,OPTIDX,NIFTY,29-Jun-2023,18500.00,PE,N,49.50,59.60,39.10,57.00,58.20,48.70,57.00,6112600,113388620587.50,3319700,-27800.00,50,15-Jun-2023,2023-06-14T18:30:00.000Z,18688.1
71,648b11c1f0912e8f617fc4d7,OPTIDX,NIFTY,29-Jun-2023,18550.00,PE,N,55.95,71.00,46.30,67.60,69.35,57.90,67.60,804250,14966223832.50,260650,16100.00,50,15-Jun-2023,2023-06-14T18:30:00.000Z,18688.1
72,648b11c1f0912e8f61801456,OPTIDX,NIFTY,29-Jun-2023,18600.00,PE,N,68.00,84.65,54.50,80.60,81.05,68.00,80.60,6062750,113198848592.50,2498450,-164300.00,50,15-Jun-2023,2023-06-14T18:30:00.000Z,18688.1
73,648b11c1f0912e8f618025d5,OPTIDX,NIFTY,29-Jun-2023,18650.00,PE,N,75.00,100.65,65.85,96.75,97.70,81.45,96.75,1545650,28958317517.50,316900,-39300.00,50,15-Jun-2023,2023-06-14T18:30:00.000Z,18688.1
74,648b11c1f0912e8f617ff304,OPTIDX,NIFTY,29-Jun-2023,18700.00,PE,N,98.20,119.70,78.05,114.70,116.00,96.45,114.70,9517350,178936275627.50,2455200,-182950.00,50,15-Jun-2023,2023-06-14T18:30:00.000Z,18688.1
75,648b11c1f0912e8f61801201,OPTIDX,NIFTY,29-Jun-2023,18750.00,PE,N,115.90,141.00,92.75,135.40,135.60,113.10,135.40,2071850,39092970030.00,314250,14100.00,50,15-Jun-2023,2023-06-14T18:30:00.000Z,18688.1
76,648b11c1f0912e8f617fb895,OPTIDX,NIFTY,29-Jun-2023,18800.00,PE,N,130.80,165.35,109.10,159.05,161.90,132.40,159.05,7114650,134733212915.00,1383050,28200.00,50,15-Jun-2023,2023-06-14T18:30:00.000Z,18688.1
77,648b11c1f0912e8f617ff83e,OPTIDX,NIFTY,29-Jun-2023,18850.00,PE,N,158.60,192.50,129.20,186.15,188.20,154.75,186.15,566100,10761135180.00,81350,16900.00,50,15-Jun-2023,2023-06-14T18:30:00.000Z,18688.1
78,648b11c1f0912e8f617fe97f,OPTIDX,NIFTY,29-Jun-2023,18900.00,PE,N,185.95,224.20,151.25,216.60,220.00,180.25,216.60,1772900,33844793355.00,435500,-6500.00,50,15-Jun-2023,2023-06-14T18:30:00.000Z,18688.1
79,648b11c1f0912e8f61802e74,OPTIDX,NIFTY,29-Jun-2023,18950.00,PE,N,218.25,257.00,178.00,250.45,253.00,207.60,250.45,232350,4453772022.50,50500,-6900.00,50,15-Jun-2023,2023-06-14T18:30:00.000Z,18688.1
80,648b11c1f0912e8f618018a2,OPTIDX,NIFTY,29-Jun-2023,19000.00,PE,N,250.05,296.00,207.00,288.10,292.00,241.55,288.10,1696300,32658996175.00,1169550,-119800.00,50,15-Jun-2023,2023-06-14T18:30:00.000Z,18688.1
81,648b11c1f0912e8f617fdb4f,OPTIDX,NIFTY,29-Jun-2023,19050.00,PE,N,291.00,332.40,239.45,328.20,327.40,279.15,328.20,46900,907071975.00,16650,0.00,50,15-Jun-2023,2023-06-14T18:30:00.000Z,18688.1
82,648b11c1f0912e8f617fe3e2,OPTIDX,NIFTY,29-Jun-2023,19100.00,PE,N,332.15,379.00,277.10,370.30,371.60,315.40,370.30,102850,1998905660.00,52850,-5900.00,50,15-Jun-2023,2023-06-14T18:30:00.000Z,18688.1
83,648b11c1f0912e8f61801de6,OPTIDX,NIFTY,29-Jun-2023,19150.00,PE,N,370.00,418.20,327.10,412.85,415.20,356.70,412.85,3600,70291910.00,7250,100.00,50,15-Jun-2023,2023-06-14T18:30:00.000Z,18688.1
84,648b11c1f0912e8f618001cb,OPTIDX,NIFTY,29-Jun-2023,19200.00,PE,N,412.30,467.55,357.10,458.65,462.25,397.35,458.65,80950,1587454947.50,125250,13950.00,50,15-Jun-2023,2023-06-14T18:30:00.000Z,18688.1
85,648b11c0f0912e8f617f7eb3,OPTIDX,NIFTY,29-Jun-2023,19250.00,PE,N,457.00,513.65,401.05,496.90,496.90,438.45,496.90,2500,49226532.50,6200,300.00,50,15-Jun-2023,2023-06-14T18:30:00.000Z,18688.1
86,648b11c1f0912e8f61802005,OPTIDX,NIFTY,29-Jun-2023,19300.00,PE,N,514.00,557.15,447.90,554.75,555.85,487.65,554.75,11000,217933920.00,23400,-1900.00,50,15-Jun-2023,2023-06-14T18:30:00.000Z,18688.1
87,648b11c1f0912e8f617f8469,OPTIDX,NIFTY,29-Jun-2023,19350.00,PE,N,563.05,609.70,493.10,609.70,609.70,535.30,609.70,2050,40732650.00,4050,250.00,50,15-Jun-2023,2023-06-14T18:30:00.000Z,18688.1
88,648b11c1f0912e8f617ff266,OPTIDX,NIFTY,29-Jun-2023,19400.00,PE,N,603.90,655.00,540.75,653.70,651.30,581.70,653.70,17950,358762625.00,11550,950.00,50,15-Jun-2023,2023-06-14T18:30:00.000Z,18688.1
89,648b11c1f0912e8f61803065,OPTIDX,NIFTY,29-Jun-2023,19450.00,PE,N,648.65,696.95,648.65,682.15,682.15,824.90,751.70,200,4025495.00,3150,-50.00,50,15-Jun-2023,2023-06-14T18:30:00.000Z,18688.1
90,648b11c1f0912e8f617fac36,OPTIDX,NIFTY,29-Jun-2023,19500.00,PE,N,702.00,760.00,640.00,748.90,756.00,684.85,748.90,56150,1134890482.50,221000,-7600.00,50,15-Jun-2023,2023-06-14T18:30:00.000Z,18688.1
91,648b11c1f0912e8f61802a55,OPTIDX,NIFTY,29-Jun-2023,19550.00,PE,N,0.00,0.00,0.00,784.40,784.40,784.40,840.15,0,0.00,850,0.00,50,15-Jun-2023,2023-06-14T18:30:00.000Z,18688.1
92,648b11c1f0912e8f617ff31f,OPTIDX,NIFTY,29-Jun-2023,19600.00,PE,N,802.35,861.60,802.35,857.75,858.75,775.55,857.75,1450,29626537.50,3600,-100.00,50,15-Jun-2023,2023-06-14T18:30:00.000Z,18688.1
93,648b11c1f0912e8f617fe4e3,OPTIDX,NIFTY,29-Jun-2023,19650.00,PE,N,898.40,898.40,898.40,898.40,898.40,880.00,898.40,50,1027420.00,1950,0.00,50,15-Jun-2023,2023-06-14T18:30:00.000Z,18688.1
94,648b11c1f0912e8f618020cd,OPTIDX,NIFTY,29-Jun-2023,19700.00,PE,N,900.00,900.00,900.00,900.00,900.00,883.00,977.55,100,2060000.00,10400,-100.00,50,15-Jun-2023,2023-06-14T18:30:00.000Z,18688.1
95,648b11c1f0912e8f617ff318,OPTIDX,NIFTY,29-Jun-2023,19750.00,PE,N,0.00,0.00,0.00,1100.00,1100.00,1100.00,1024.45,0,0.00,200,0.00,50,15-Jun-2023,2023-06-14T18:30:00.000Z,18688.1
96,648b11c1f0912e8f617ff951,OPTIDX,NIFTY,29-Jun-2023,19800.00,PE,N,1001.00,1001.00,1001.00,1001.00,1001.00,1010.00,1071.70,50,1040050.00,1250,50.00,50,15-Jun-2023,2023-06-14T18:30:00.000Z,18688.1
97,648b11c1f0912e8f617fd35c,OPTIDX,NIFTY,29-Jun-2023,19850.00,PE,N,0.00,0.00,0.00,2465.30,0.00,2465.30,1119.35,0,0.00,0,0.00,50,15-Jun-2023,2023-06-14T18:30:00.000Z,18688.1
98,648b11c1f0912e8f617fb9f0,OPTIDX,NIFTY,29-Jun-2023,19900.00,PE,N,0.00,0.00,0.00,1250.00,1250.00,1250.00,1167.35,0,0.00,50,0.00,50,15-Jun-2023,2023-06-14T18:30:00.000Z,18688.1
99,648b11c1f0912e8f61800c70,OPTIDX,NIFTY,29-Jun-2023,19950.00,PE,N,0.00,0.00,0.00,2556.80,0.00,2556.80,1215.65,0,0.00,0,0.00,50,15-Jun-2023,2023-06-14T18:30:00.000Z,18688.1
100,648b11c1f0912e8f618012e7,OPTIDX,NIFTY,29-Jun-2023,20000.00,PE,N,1195.70,1256.05,1140.00,1249.25,1250.40,1178.35,1249.25,52800,1119368425.00,469950,-9300.00,50,15-Jun-2023,2023-06-14T18:30:00.000Z,18688.1
101,648b11c1f0912e8f617ff980,OPTIDX,NIFTY,29-Jun-2023,20050.00,PE,N,0.00,0.00,0.00,2648.95,0.00,2648.95,1312.90,0,0.00,0,0.00,50,15-Jun-2023,2023-06-14T18:30:00.000Z,18688.1
102,648b11c0f0912e8f617f7ba3,OPTIDX,NIFTY,29-Jun-2023,20100.00,PE,N,0.00,0.00,0.00,1349.00,1349.00,1349.00,1361.80,0,0.00,50,0.00,50,15-Jun-2023,2023-06-14T18:30:00.000Z,18688.1
103,648b11c1f0912e8f618005bc,OPTIDX,NIFTY,29-Jun-2023,20150.00,PE,N,0.00,0.00,0.00,2489.35,0.00,2489.35,1410.90,0,0.00,0,0.00,50,15-Jun-2023,2023-06-14T18:30:00.000Z,18688.1
104,648b11c1f0912e8f618030f9,OPTIDX,NIFTY,29-Jun-2023,20200.00,PE,N,0.00,0.00,0.00,2535.15,0.00,2535.15,1460.10,0,0.00,0,0.00,50,15-Jun-2023,2023-06-14T18:30:00.000Z,18688.1
105,648b11c1f0912e8f617fc2fc,OPTIDX,NIFTY,29-Jun-2023,20250.00,PE,N,0.00,0.00,0.00,2581.10,0.00,2581.10,1509.45,0,0.00,0,0.00,50,15-Jun-2023,2023-06-14T18:30:00.000Z,18688.1
106,648b11c1f0912e8f61802672,OPTIDX,NIFTY,29-Jun-2023,21000.00,PE,N,2197.00,2254.85,2140.00,2251.15,2254.85,2176.80,2251.15,33250,771988485.00,223100,-3600.00,50,15-Jun-2023,2023-06-14T18:30:00.000Z,18688.1
107,648b11c1f0912e8f61802b2f,OPTIDX,NIFTY,29-Jun-2023,22000.00,PE,N,3195.00,3238.65,3132.75,3234.50,3234.75,3165.45,3234.50,29900,754129817.50,390100,17800.00,50,15-Jun-2023,2023-06-14T18:30:00.000Z,18688.1
108,648b11c1f0912e8f617faec8,OPTIDX,NIFTY,29-Jun-2023,23000.00,PE,N,0.00,0.00,0.00,4310.00,4310.00,4310.00,4249.80,0,0.00,200,0.00,50,15-Jun-2023,2023-06-14T18:30:00.000Z,18688.1
